{
  "project_info": {
    "project_number": "228728797752",
    "firebase_url": "https://smartcrop-c8703.firebaseio.com",
    "project_id": "smartcrop-c8703",
    "storage_bucket": "smartcrop-c8703.appspot.com"
  },
  "client": [
    {
      "client_info": {
        "mobilesdk_app_id": "1:228728797752:android:1bce64633184832b8ec4cd",
        "android_client_info": {
          "package_name": "com.example.smartcrop"
        }
      },
      "oauth_client": [
        {
          "client_id": "228728797752-6jegsam21litadt6o9egjcecr0f9efla.apps.googleusercontent.com",
          "client_type": 1,
          "android_info": {
            "package_name": "com.example.smartcrop",
            "certificate_hash": "3a8b9f3ff3b5a6432ea1bea4bf127aeb1ab984ea"
          }
        },
        {
          "client_id": "228728797752-u2kqbma39k53b7t5kji8krfbr1oi5rh3.apps.googleusercontent.com",
          "client_type": 3
        }
      ],
      "api_key": [
        {
          "current_key": "AIzaSyByWROf7LJ5WQ1Xa-IDtr8wmAQVvmxRjTs"
        }
      ],
      "services": {
        "appinvite_service": {
          "other_platform_oauth_client": [
            {
              "client_id": "228728797752-u2kqbma39k53b7t5kji8krfbr1oi5rh3.apps.googleusercontent.com",
              "client_type": 3
            }
          ]
        }
      }
    }
  ],
  "configuration_version": "1"
}